{
  "Phase_Prop": {
    "E1": 10.0,
    "E2": 300.0
  },
  "VF": [
    0.0,
    1.0,
    0.4666666666666667,
    0.46555555555555556
  ],
  "SH_x0": [
    0.0,
    1.0,
    0.2,
    0.1
  ],
  "SH_x1": [
    0.0,
    1.0,
    0.26666666666666666,
    0.6333333333333333
  ],
  "SH_y0": [
    0.0,
    1.0,
    1.0,
    0.1
  ],
  "SH_y1": [
    0.0,
    1.0,
    1.0,
    0.8666666666666667
  ],
  "Corners": [
    0,
    4,
    0.0,
    1.0,
    0.0,
    1.0,
    8,
    0.13333333333333333,
    0.3333333333333333,
    0.0,
    1.0,
    0.5333333333333333,
    0.8,
    0.0,
    1.0,
    28,
    0.23333333333333334,
    0.7,
    0.3,
    0.8,
    0.06666666666666667,
    0.16666666666666666,
    0.06666666666666667,
    0.9333333333333333,
    0.26666666666666666,
    0.9,
    0.8333333333333334,
    0.9666666666666667,
    0.5,
    0.6333333333333333,
    0.06666666666666667,
    0.2,
    0.8,
    0.9,
    0.13333333333333333,
    0.3333333333333333,
    0.8,
    0.9,
    0.6,
    0.7333333333333333,
    0.8,
    0.9,
    0.43333333333333335,
    0.5333333333333333
  ],
  "E_vert": [
    10.000000000000151,
    299.9999999999988,
    145.33333333333576,
    31.41297279426623
  ],
  "E_hor": [
    10.00000000000022,
    300.0000000000058,
    19.106723379830648,
    25.53989080492449
  ]
}