{
  "Phase_Prop": {
    "E1": 10.0,
    "E2": 300.0
  },
  "VF": [
    0.0,
    0.5,
    0.2,
    0.8,
    1.0,
    0.8333333333333334,
    0.5666666666666667,
    0.3333333333333333,
    0.7822222222222223,
    0.4633333333333333,
    0.2777777777777778,
    0.35888888888888887,
    0.1,
    0.6844444444444444,
    0.6222222222222222
  ],
  "SH_x0": [
    0.0,
    0.1,
    0.2,
    0.13333333333333333,
    1.0,
    1.0,
    1.0,
    1.0,
    0.16666666666666666,
    0.3,
    0.13333333333333333,
    0.5666666666666667,
    0.3333333333333333,
    0.1,
    0.9333333333333333
  ],
  "SH_x1": [
    0.0,
    0.13333333333333333,
    0.2,
    0.3333333333333333,
    1.0,
    1.0,
    1.0,
    1.0,
    1.0,
    1.0,
    1.0,
    0.5666666666666667,
    0.3333333333333333,
    0.16666666666666666,
    0.9333333333333333
  ],
  "SH_y0": [
    0.0,
    1.0,
    1.0,
    1.0,
    1.0,
    0.26666666666666666,
    0.13333333333333333,
    0.13333333333333333,
    0.16666666666666666,
    0.23333333333333334,
    0.16666666666666666,
    0.6333333333333333,
    0.3,
    0.9333333333333333,
    0.1
  ],
  "SH_y1": [
    0.0,
    1.0,
    1.0,
    1.0,
    1.0,
    0.3,
    0.26666666666666666,
    0.2,
    1.0,
    1.0,
    1.0,
    0.6333333333333333,
    0.3,
    0.9333333333333333,
    0.13333333333333333
  ],
  "Corners": [
    0,
    16,
    0.0,
    0.13333333333333333,
    0.0,
    1.0,
    0.3,
    0.43333333333333335,
    0.0,
    1.0,
    0.6,
    0.7,
    0.0,
    1.0,
    0.8,
    0.9333333333333333,
    0.0,
    1.0,
    4,
    0.3333333333333333,
    0.5333333333333333,
    0.0,
    1.0,
    12,
    0.0,
    0.3333333333333333,
    0.0,
    1.0,
    0.43333333333333335,
    0.7666666666666667,
    0.0,
    1.0,
    0.8666666666666667,
    1.0,
    0.0,
    1.0,
    4,
    0.0,
    1.0,
    0.0,
    1.0,
    12,
    0.0,
    0.03333333333333333,
    0.024444444444444442,
    0.03333333333333333,
    0.0,
    0.03333333333333333,
    0.012222222222222221,
    0.02222222222222222,
    0.0,
    0.03333333333333333,
    0.0011111111111111111,
    0.01,
    12,
    0.0,
    1.0,
    0.7666666666666667,
    0.9333333333333333,
    0.0,
    1.0,
    0.43333333333333335,
    0.7,
    0.0,
    1.0,
    0.13333333333333333,
    0.26666666666666666,
    8,
    0.0,
    1.0,
    0.7666666666666667,
    0.9,
    0.0,
    1.0,
    0.26666666666666666,
    0.4666666666666667,
    24,
    0.1,
    0.26666666666666666,
    0.0,
    1.0,
    0.4,
    0.6,
    0.0,
    1.0,
    0.7333333333333333,
    0.9,
    0.0,
    1.0,
    0.0,
    1.0,
    0.7333333333333333,
    0.9,
    0.0,
    1.0,
    0.43333333333333335,
    0.6333333333333333,
    0.0,
    1.0,
    0.16666666666666666,
    0.3333333333333333,
    8,
    0.3,
    0.6,
    0.0,
    1.0,
    0.0,
    1.0,
    0.43333333333333335,
    0.6666666666666666,
    8,
    0.3333333333333333,
    0.4666666666666667,
    0.0,
    1.0,
    0.0,
    1.0,
    0.4666666666666667,
    0.6333333333333333,
    4,
    0.23333333333333334,
    0.8,
    0.2,
    0.8333333333333334,
    4,
    0.36666666666666664,
    0.7,
    0.3333333333333333,
    0.6333333333333333,
    20,
    0.06666666666666667,
    0.23333333333333334,
    0.06666666666666667,
    1.0,
    0.3,
    0.4666666666666667,
    0.0,
    0.9333333333333333,
    0.5333333333333333,
    0.6666666666666666,
    0.06666666666666667,
    1.0,
    0.7,
    0.8666666666666667,
    0.0,
    0.9333333333333333,
    0.9,
    1.0,
    0.06666666666666667,
    1.0,
    24,
    0.0,
    0.9333333333333333,
    0.8666666666666667,
    1.0,
    0.06666666666666667,
    1.0,
    0.6666666666666666,
    0.8,
    0.0,
    0.9333333333333333,
    0.4666666666666667,
    0.6,
    0.06666666666666667,
    1.0,
    0.26666666666666666,
    0.4,
    0.0,
    0.9333333333333333,
    0.1,
    0.2,
    0.06666666666666667,
    1.0,
    0.0,
    0.03333333333333333
  ],
  "E_vert": [
    10.000000000000023,
    155.00000000000077,
    67.99999999999844,
    242.0000000000013,
    299.99999999999983,
    54.42956459691509,
    23.354308254897873,
    15.392374130453309,
    185.54870477300548,
    101.9818316753475,
    52.07837558032342,
    20.74006140002563,
    11.765086694595992,
    132.3021269797673,
    28.530124821661556
  ],
  "E_hor": [
    10.000000000000156,
    20.491760483660872,
    12.683736557758063,
    46.65901101550966,
    300.0000000000029,
    251.66666666666669,
    174.3333333333324,
    106.6666666666659,
    185.40870286366692,
    85.51660377982937,
    60.78755804955862,
    19.09008125494078,
    11.915654003999267,
    34.5930533507574,
    121.19239082431915
  ]
}